x,y
-539.3716457,302.7736599
144.0213103,-59.45425579
909.8135812,-16.43072419
145.7793322,140.9809167
-703.8763437,93.22014871
292.0246532,-251.4597368
-739.5860889,-109.0899083
-902.273712,683.0292708
-169.4845645,-77.06283633
574.8718514,365.3700136
-542.3689993,302.6200574
-887.2966945,683.8621646
-712.8647351,92.72951282
-395.54518,1112.128035
700.1453356,-28.22015362
888.0842094,-217.9711625
-650.6696399,697.1600415
424.2882048,-644.6590668
-368.6977902,-488.8917685
-975.7399156,-523.0010905
737.0864214,-26.13600054
555.3732117,-36.35149988
-975.6294886,1079.535035
-51.14093596,330.1997303
335.1924369,-449.3511462
398.3292213,-646.1223187
-780.0509171,-511.9899613
908.8146058,-16.48137413
-210.9457174,-480.0334617
-894.7579066,1084.083881
-1032.125218,-125.5279978
-26.70807299,-69.05714415
1070.795029,-207.697924
133.8014844,140.2848889
-236.3767889,-80.83798707
272.4028741,1149.649822
-87.55701427,728.7905103
-234.8538667,319.8923298
-453.5648947,-493.6619238
-729.6012314,-108.5331842
173.030552,743.441745
604.5310287,-233.8972429
737.55664,-426.7358995
-298.5175284,116.0031087
399.2036977,1156.768546
711.8906776,172.7584639
-832.965593,-514.9777895
688.7465884,1173.037485
12.7004859,-467.4602719
-910.6075258,-719.6511776
973.2418974,387.7614399
551.1434202,163.733032
1027.683791,791.452166
-894.8651717,-518.4658086
-431.8352083,-292.1162028
-769.0104918,289.8777843
-458.556693,-493.9356603
-77.10255546,328.7561993
528.4161876,-37.8632808
1002.14042,-411.8736901
160.7023695,-659.4558311
-756.0922769,-510.6176934
-30.93932657,131.0346258
932.4856407,-616.1005491
-111.5760974,-73.8121179
1054.05798,-408.9579031
968.7202343,-13.11684365
242.102848,-254.2625886
630.7261659,-432.74291
-944.2630066,-120.5909762
-866.9133571,-516.8752708
541.8669081,-437.7399758
795.7027513,-623.7960439
222.1345586,-255.3837742
-400.0648773,711.2400032
-760.3153893,-310.5859359
1007.368404,-611.9011216
135.5065274,-460.5610928
53.74777095,1137.364809
245.8606585,-53.73248115
-941.2664272,-120.435397
710.8354834,-628.5556751
117.0657973,-60.9800954
-157.2639084,-276.7154307
113.3052833,-261.492713
108.1338431,739.7915075
-612.3149861,-502.5700646
54.63379489,-465.1024212
1061.573848,-7.902111822
-723.3745165,-308.5009731
-476.5293275,-494.9415726
1186.140657,199.4134405
-327.2345726,-85.93440436
-155.0330829,-476.8977233
-244.3659523,-81.27541888
718.3514062,-227.5027558
241.3964019,346.6434662
194.413454,-457.2499298
295.7808631,-50.91903618
-676.1006909,1096.358902
-60.18380497,-471.56195
-719.1450741,-508.5812599
349.1690956,-448.5562313
-310.2614629,-84.97942471
109.0761318,-61.41764232
-858.9260073,-516.4257524
1165.938833,398.5806852
603.0618205,166.6422845
730.0960683,-26.52029859
-329.7608192,-486.7002769
489.4775805,-40.05488605
-753.5637088,-109.8786128
424.3451842,156.5984742
720.1135737,-27.09126139
493.7022097,-240.1007098
-940.2683558,-120.3765689
-645.7331484,-103.8254992
-579.0756162,100.2400079
299.8308457,750.5653608
-382.565113,1112.859505
321.5045724,150.8378117
20.79448795,1135.54768
-850.9363412,-515.9931265
-774.9458491,1090.809014
-847.1799951,-315.4547252
-868.9109118,-516.9855325
-452.4537419,1108.922893
-763.9634482,1091.429881
-239.1393387,-281.2913328
14.9324442,-667.6497565
54.39817308,-264.802132
719.8203834,-628.044803
-804.428161,688.5296839
242.3374686,-454.5566243
-1076.527031,272.6093559
220.3738758,-455.8014686
215.3800511,-456.0706673
-934.8054657,-520.6939962
642.2349121,-31.46142972
-261.7553588,1119.64253
703.6676588,372.6139264
881.0952723,-218.3616305
-762.9636151,1091.474979
-1056.503409,1074.999115
261.3079205,-453.4904761
1072.265708,-608.2547149
-753.3270891,-310.1879574
-1073.534863,272.8013815
-222.928171,-480.6976712
549.3815378,-36.67947729
-1087.50926,271.9912485
-505.4829639,-496.5739313
-116.8608761,-675.0502444
592.3147679,-34.26964435
-88.84845029,127.7844115
976.2916847,1189.199633
-32.93629039,130.9197852
937.2981176,385.7446545
-180.412723,723.5879095
268.5899114,147.8517827
-173.479453,-77.28172354
-325.5296484,-686.7846791
-324.7127678,314.8488729
-682.9105877,94.4034343
-74.05128704,1130.186896
-972.7465903,-522.8200672
-686.904293,94.17669163
-313.0218894,-285.4446389
1121.951717,-405.1479735
-22.66036596,732.4443659
-810.0030128,-513.6787851
852.1400447,-219.9831146
-1014.915983,-324.8748067
-594.3403338,-501.5800132
338.4236034,-649.4829658
348.4626276,152.3463766
738.6130639,374.571903
574.1079552,165.0178712
865.937828,782.3711099
457.1105464,1160.031341
-222.165519,-280.3421113
-311.2594027,-85.04170912
-702.5901733,694.2614008
-763.074545,-511.059143
264.3031703,-453.323133
272.4021117,1149.651672
-615.7806419,-102.139829
848.4945334,1182.013952
97.56808745,-462.7029997
980.9367408,-212.7463353
-1000.649362,276.8902855
64.73059011,1137.980079
-197.3842872,722.6266106
-913.7817999,281.7426219
352.6916537,-47.72611693
-317.5411783,-686.3437344
722.5807956,-427.5819744
149.2485733,-259.4764709
-1053.507285,1075.164142
1158.65702,-202.7662837
-96.54446927,728.2961309
-572.0864458,100.6348636
620.2704542,-32.69876094
-820.458225,-113.6358177
-588.8211594,-100.6368099
28.67616112,-466.5711036
-218.4082277,-79.80923043
-832.2032248,-314.6134198
1119.191353,-605.6147091
-279.2558112,718.0296789
-875.9028043,-517.3547866
1030.623612,-9.646963781
-567.3854971,-500.0476162
308.5243793,150.1105424
78.83220492,-664.0616868
471.0337906,359.5489399
646.8137895,1170.674686
-146.4653267,725.4908343
693.9178555,171.7535737
460.2837849,158.648466
-389.608155,311.1857755
912.5724955,184.0425285
-458.9729511,707.9348723
744.8371049,174.6188345
-257.6376771,-682.9637492
-938.5640935,-721.2167049
-694.6564289,-106.5693861
-365.7015337,-488.7320503
496.9384043,-440.2661443
990.4515684,188.405777
-204.4287115,-79.03479199
-351.1426665,713.9927724
464.9853386,-442.0379006
938.4769968,-615.7699517
-581.8347531,-100.2303169
445.0752137,358.0861208
-710.1053216,293.1976161
-470.3008078,-694.9183615
-97.1254084,-473.6404058
-280.5449084,117.0066471
-344.9725636,-287.2353914
441.316875,157.5602181
238.6351404,146.1797426
942.8158121,786.6919852
-418.5062549,1110.826903
-519.1703286,103.6119698
-328.5253462,-686.9480347
966.2528084,387.3678752
-898.8073544,282.5943341
-390.1356403,-89.47123678
-93.13298821,-473.4087382
-453.4540181,1108.877031
792.706336,-623.9559259
701.1426439,-28.15655895
167.983964,-58.11113578
-105.0027681,1128.44766
198.698742,143.9344088
77.59780335,-463.8134612
161.7024031,-659.4129454
1064.041025,-408.3918784
-793.7909905,-713.0913086
1038.08432,-409.8601884
-1051.565928,274.0106375
621.8511549,1169.28459
137.0320778,-59.84732698
428.0456397,-444.1286981
912.8079333,-16.25698849
-6.033506829,-668.8337593
-985.4336359,77.40533712
505.9221749,-439.7542395
320.2159664,-450.193646
1016.70201,790.8282077
-264.0989296,-282.6970751
2.24431554,-67.41876639
310.3426161,1151.780081
81.64735024,337.6706472
-169.2480279,-277.3786735
1023.107958,-410.7023767
-58.89506832,129.4617857
441.0244706,-443.3989156
489.2416942,160.2508138
-772.0060885,289.7107135
-151.5127383,-76.06461818
-272.2673644,718.424048
329.7282917,-49.01810285
1062.282153,-608.8147311
-282.3068369,-83.40334267
-632.2829855,-503.6925007
-278.6023585,-684.1533202
527.1814084,162.3867689
-772.532325,-110.9498714
774.6105608,1177.86864
945.2843301,386.1984504
-880.8346188,283.6006175
-759.0835836,-510.8173202
-29.99668991,-670.1711224
-567.8530924,-99.46225567
496.9367018,-440.2572203
139.5560002,340.9275301
955.4495419,-614.8111454
775.2632105,-224.3135964
630.2539069,-32.13502937
-1068.304888,72.76208263
-557.1089115,101.4670933
-1073.002712,673.4252363
-975.6298068,1079.538405
948.9885805,-214.5527216
-44.21045186,-470.6540205
-435.3014098,108.3174794
661.2051302,-30.39308449
-519.6972196,-297.0515754
418.0611691,-444.6892364
940.5285422,185.6122431
559.0739321,-637.0754371
-686.668264,-106.1293218
-999.4639347,-724.659862
-774.8226648,-712.013285
178.4392993,-458.1522672
848.9646828,781.4135409
-685.1991059,-506.6706466
-390.1353706,-89.47180469
900.3008342,-417.5991784
176.2064475,-257.960646
-839.9592591,-515.3353478
-264.8616886,-483.0565277
-762.9632503,1091.47138
719.5857718,-427.7503233
743.7851395,-626.7126661
230.5930259,-655.5397237
-1002.45985,-724.8234527
-398.6508472,-490.5701447
-631.2846946,-503.6383501
-556.6382697,-299.134445
-335.2236884,-86.37549166
336.9532421,-248.9307387
678.8845841,-630.3436113
-231.6213626,119.7493543
641.7071046,-432.1193243
170.5041017,342.6879173
-864.1526011,-316.4030984
-849.827257,1086.599946
-700.409757,-307.2188084
-41.63087042,731.3811516
-873.6638535,-717.5877061
651.2221035,-30.96196309
901.8256013,-16.87723176
-393.6591959,-490.2901829
43.65154343,-465.7256815
1029.680378,791.5653125
832.9346147,-20.74964846
110.8373067,138.9959341
358.1571635,-448.0641988
-806.9514066,287.7498266
49.40332267,-265.0638912
-386.6689425,-489.9044223
1158.130174,-603.4272342
-428.0773281,-91.59189145
843.9745682,781.119086
906.5263569,-617.55711
982.462323,187.9668092
-114.3359335,-274.2800241
-984.6144842,1079.027532
-28.12424735,1132.772215
547.8554919,-437.3932012
946.9903056,-214.6544066
-364.5924326,1113.863005
-1023.610696,275.5844965
-10.49637755,-268.4622707
-176.0026906,-478.061276
-891.5803023,82.67106698
-443.5788929,-493.1005329
-876.8969372,-517.437832
-387.4333332,-690.2521884
-645.1506804,1098.100182
590.8995068,1167.549119
296.8357052,750.3946971
-77.6297357,-71.90343133
530.8828972,-438.3492135
-869.3795922,-116.3985191
-54.1941901,-471.217709
644.9403328,-632.2642418
-307.2668707,-84.80692811
390.1043529,-446.2535841
-523.8692503,704.2831715
667.1959757,-30.05908252
225.47879,1147.001165
489.4770985,-40.05079229
-197.3847163,722.6247246
-375.9227266,-288.9825857
946.227455,-415.0132458
-468.7762277,-294.1993183
959.9720347,-213.9406203
-728.8395844,91.83011836
-938.6861554,1081.599214
-633.2261744,297.5166404
-503.9552819,-95.87089253
-663.9961634,-705.7965331
-550.4121738,-499.0949181
665.7265299,370.4860552
-803.8998252,1089.174101
232.1202522,-254.8303432
-916.2555947,682.2675654
465.5136282,-41.38525864
26.73377176,334.5907808
-648.2578256,-504.5910827
-14.72993322,-68.36037685
572.0539175,-636.3505874
1137.452471,-3.627294979
-288.5892888,-684.7000657
278.2812919,-452.5382125
-911.5504702,81.55725278
990.687129,-11.89400833
754.5873555,375.4707206
98.56521373,-462.6471007
917.2741824,-416.6436923
-682.6207612,695.3732878
-792.5017787,-112.0681241
-291.7077083,1117.958867
1087.533817,-6.44941305
981.1734047,-413.0561581
282.3870637,1150.209063
698.854045,-629.2277582
-773.5297473,-111.0160043
-581.251752,1101.696551
811.5525651,1179.93855
164.0412074,742.9648901
672.1885695,-29.78375741
351.7483651,753.4833701
-41.44966614,-270.191156
-493.7364338,-295.6040767
5.819586143,1134.69826
-547.8905411,-98.30886608
117.0622694,-60.96071246
668.901659,-630.9128511
-550.4120805,-499.09255
-985.1962937,-122.9034508
98.5660036,-462.6454474
-505.482121,-496.5757891
952.8013325,787.2471241
-243.312423,720.0480674
654.9763396,169.5901376
501.9294112,-439.9790753
941.7641373,-14.64155407
906.3472928,384.0041528
-1011.155388,-124.365971
-1027.368071,75.05624936
-1061.312758,73.13744444
-340.7427633,-487.3147413
-775.5278376,-111.1198456
893.8387816,-17.32811132
898.8295045,-17.04185616
133.0389482,-60.07341089
226.5981968,-655.7594112
-533.3817877,303.1152562
717.6452225,373.3985469
635.4816567,-232.1566964
728.8064745,-627.5415841
-1013.569252,1077.402658
-419.3801534,-692.0654981
-804.0102245,-513.3527775
121.821779,139.6031888
626.4954879,-232.6581044
632.3085941,769.2276592
951.7470322,-14.07221517
-232.3299555,720.6651641
702.7234634,1173.831566
-664.2327568,-505.4910699
-677.6274101,695.6500233
1141.156949,-604.3807132
-909.6095351,-719.5879742
939.8223465,786.5144388
-341.1589946,714.5573756
-358.1881051,-87.66050843
21.21545382,-66.35756448
1079.545312,-6.891803227
-440.0034202,709.0046745
199.4611481,344.2932235
-519.4600356,-497.3636796
1085.008806,-407.2168334
701.1436603,-28.16447095
-689.955534,-707.2540712
928.2563586,-416.0260316
-266.8585357,-483.1727658
-336.4564681,113.8609373
156.2400579,-259.0970503
-963.5245486,-722.6188048
82.11872065,-62.93076963
614.2799659,-33.03371133
691.6288157,-429.3174006
484.0683557,1161.544833
-773.5321812,-111.0015153
-256.1107916,-282.2553876
-520.2215118,-697.7266529
1008.893613,-211.1825198
915.8030956,-16.08941086
463.1016485,1160.367858
1060.048605,-408.6220705
-101.1192477,-473.8657475
-17.66825949,732.7266075
-710.160143,-508.0708611
640.9455948,-632.4818722
-707.1653855,-507.8973232
-495.9700709,-95.40599836
-626.0567892,-703.6607233
-472.535055,-494.7208323
-645.0270562,-704.7248381
-696.0705755,1095.246127
-486.9834485,-94.91341123
51.64037663,-465.2829975
1000.378947,-612.2904398
-137.0065614,325.3809052
1039.373998,191.1570357
-902.8560257,-518.9003575
439.5537412,-42.84525087
-308.5568243,-685.8261153
-861.6289055,84.36451626
907.8168174,-16.54024167
696.6206305,-429.0313843
644.2893249,769.9032984
433.5661711,-43.19691249
-154.271521,-276.5323791
-62.18022102,-471.6759476
666.960451,170.241268
1124.184875,-605.3455528
560.8362745,-436.6727057
-375.451431,-689.5848091
-420.5612271,309.4614665
667.1957123,-30.05890457
75.71268262,1138.601547
48.40703347,-265.1343398
-228.3357393,720.8914179
-179.7009481,122.6573699
176.4416334,-458.2622619
-357.1936733,-87.57584511
368.2517592,1155.031433
-842.8409182,1087.01076
-309.2651062,-84.91311309
920.7956956,-15.80823034
-294.7070953,1117.815591
169.5642751,1143.874212
841.9771905,781.0133875
-520.9311128,-96.80350007
-379.6815452,-489.4999012
-43.15564986,330.6548866
-401.534404,1111.787824
-403.4089025,-691.1495446
487.5351301,761.1090995
1113.200339,-605.9461399
315.5144352,150.4976548
-404.1141467,-90.25726756
313.7530381,-49.91481631
-588.2414519,1101.30631
-576.8433705,-99.94667626
-970.5138865,-723.011548
68.6692478,336.9370171
-844.4201094,-114.9836896
87.11154566,-62.6529769
-746.1015853,-510.1026354
-265.6262457,-683.407172
580.0416465,-635.9065403
-98.54042347,728.1804703
-224.3965032,-80.15945766
-158.0293749,-477.0610525
983.6968005,-12.27904351
856.6642256,180.8858232
484.9562565,-440.9375339
525.4747298,763.2401375
-1106.950025,671.5262979
73.60498307,-464.0474835
895.309107,-417.8773624
447.069978,358.2053101
447.2531275,-643.3754886
822.5351843,1180.556468
-199.9637635,-479.4134987
-433.0694665,-91.87040898
-196.7335319,-679.5445422
-908.8466531,-519.2355348
-987.1379572,678.2468005
-231.6783539,-681.504473
753.5325031,-425.8419612
144.783362,140.9096934
-704.4049293,-307.4336564
106.8445184,138.769352
616.8039493,367.7365675
-494.9148338,705.9052456
375.6564883,-46.44403127
424.6380184,757.5556411
-629.5233158,-303.224184
-644.6784079,697.4938645
-278.7850486,317.4274545
-269.8541844,-483.3338571
-744.5234576,691.8975438
413.6518777,756.9573918
-532.4404723,-498.0848971
-34.115037,1132.436561
938.3523293,1187.065616
-671.4572618,-305.5792199
885.3796478,382.8296733
381.3565798,-647.0762264
410.3646401,155.8251943
-6.0320114,-668.8419306
-979.4990165,-723.5180763
241.3390515,-454.6114713
600.83028,366.828852
534.9871163,1164.40803
251.8515795,-53.39768767
-1107.421585,1072.131685
-329.2329381,-86.04180602
1080.779809,-207.1385009
665.6708708,-430.7785055
-414.3356062,109.4991167
-329.2320113,-86.04516857
43.93898909,135.2633333
235.872081,-54.26521792
408.8394596,-244.8923981
-695.182145,-507.2374056
616.0398151,167.3848989
-847.1787766,-315.4629895
71.66432522,337.1045858
-942.7908573,-521.1559859
-25.18476585,331.6746707
96.80345144,-663.0515752
-329.704323,314.5665905
-588.2951533,300.0329878
895.3076657,-417.8713731
929.3089097,385.3102457
995.26204,1190.264615
671.771332,1172.095321
-94.54776419,728.4118055
649.9307697,-631.9766484
1067.564304,-7.565141367
695.152409,-28.49149073
442.6053051,758.5867088
-955.6620857,1080.664939
572.3457248,-35.39325745
733.1480179,774.9053878
-196.9137829,322.0263072
-984.4358367,77.46821979
114.305189,-261.4468166
-697.6518824,-106.7382368
-629.75996,-102.9191065
726.1599732,774.4996203
864.3572404,-419.6168495
571.5822421,-235.7472303
22.21423745,-66.30297877
449.3051332,158.0063068
878.8623719,-18.17311256
-471.4245447,1107.863214
-692.6595695,-106.456903
910.0483181,-216.7288976
-956.0082172,-321.5669818
410.6029651,-44.48995101
500.9855295,361.2370048
452.5350687,-42.12395618
399.2024462,1156.776163
-539.6637305,-298.1853062
93.63016755,338.3345196
-674.9780073,-706.4180634
752.7699038,-626.2038503
811.67958,-622.9055034
-281.3083099,-83.34709318
1071.03358,-408.0171896
-927.8159984,-520.311374
-549.6491381,-298.7376933
296.5449303,149.427245
-176.4179195,723.808086
197.7010725,143.876907
-1073.295461,72.47199445
-172.4798676,-77.23144978
659.7373014,370.142287
-870.6695804,-717.4134217
-581.7795294,701.0379749
-97.12598026,-473.6336345
-752.3284915,-310.1388134
-721.9062496,-709.0437514
941.5267352,185.6719272
-215.4123886,-79.64427077
274.3986172,1149.765455
30.67097303,-466.4473329
-213.4153262,-79.53522697
300.7746217,-50.65094147
560.3642549,-36.05938325
-334.639478,1115.540975
-146.0501115,-476.3794387
-840.4256605,-114.7641307
624.8470177,1169.447977
263.4158183,1149.150136
18.27521375,734.7448982
-213.4142688,-79.53974047
-826.9755111,-514.636159
-265.8045592,318.1540014
-345.6793073,313.6683551
-797.4397521,688.9230646
-713.1003252,293.0291438
1067.274086,-608.5372645
101.6712895,1140.062669
1080.01687,-407.49549
-536.4350039,-498.3064957
-987.6656342,277.5930785
-854.1681727,-315.8494192
-36.16650985,331.0552717
409.1304586,356.0755951
161.0509493,742.75795
-586.7701614,700.7485422
952.8010244,787.2486328
579.5704397,-235.2986887
-300.0423454,-284.7189333
-309.5544788,-685.888298
-297.6978138,1117.618089
417.5901061,-44.08863505
538.9825696,1164.621862
252.9055443,747.9226811
-511.360487,1105.608571
-28.12396122,1132.771517
662.6744033,-430.941697
3.238995242,-67.33628488
765.0424878,-24.57273103
1035.614536,-9.360256819
-317.6675406,1116.504722
50.75212802,1137.198394
-131.0732738,-475.5381092
-634.9868155,97.09537842
-694.8916267,93.73124769
-815.7012632,86.9423098
15.69358382,-467.2789492
-446.340115,-693.5651086
-92.0222187,1129.173742
886.6145814,182.5782046
398.6200098,-45.15446262
-75.63130751,-71.80287237
325.7352312,-49.24914393
481.1969219,-641.4540825
-609.7351916,699.4666746
-391.3710682,110.7857111
-787.5102529,-111.7855852
-182.2283519,-278.0977021
1049.357498,191.7214147
-814.4664073,-113.3085069
1052.824773,-208.7170474
-563.3920793,-499.8219826
302.5351054,149.7706658
-464.3100075,-694.5877212
641.7077075,-432.1198848
838.9261044,-20.42024701
-716.0383036,1094.117089
636.3013267,769.4606664
986.2195421,388.4991166
-1004.168788,-123.955886
872.8719266,-18.50515924
902.5888862,183.4765759
-480.9936643,-94.56605995
-7.504565352,-268.2782139
-323.2425484,-85.70282726
-289.0591702,-284.1060445
-263.75116,1119.531266
-340.9773099,-287.0180354
186.7186905,143.2474842
-311.5008423,115.2994072
140.0287194,-59.69009795
-679.9715771,-706.6935136
441.0264261,-443.4056057
419.2952597,-644.9358132
-423.8485462,-291.6660924
5.946923358,-668.1584775
98.5638003,-462.6342533
525.9470738,362.6314809
-577.2576618,1101.916591
1017.407569,189.93037
519.137795,-639.3242939
3.770603841,333.2932077
-471.3001967,-694.9690866
-10.97024335,132.1542046
-792.7928279,-713.0356643
468.9810501,-441.825736
576.9238891,1166.749821
876.6298364,182.0206387
-244.6557372,-682.2499239
-611.0249601,98.44397144
-975.4473786,77.95610057
-478.9976906,-94.44675879
-771.4789259,690.3728484
-760.9672909,1091.591471
564.1248421,164.4485488
-344.5006247,-687.8444758
-365.7031791,-488.7212608
-77.1591015,-472.5042305
-68.11567909,329.2535061
92.86555302,137.988565
1030.678781,791.6197295
328.9646699,-249.3733929
1069.325512,192.8472768
-188.9800159,-478.8004775
-648.728088,-103.9937873
60.15259377,-64.15882354
588.9041222,1167.420568
223.8944967,-54.96513591
-1007.691509,-524.7827616
617.0395271,167.4325635
-617.0131819,98.09591778
-41.10117098,1132.027819
87.63755228,338.0142273
1149.435035,-2.967909782
668.9051111,-630.9294261
-353.7226843,-488.0424491
666.7811685,1171.804465
-256.6398607,-682.9032585
643.761724,369.2501427
-188.9237205,322.4598319
-302.7463961,316.0795765
475.9707959,-441.4415176
130.5688184,340.4301015
-705.4037812,-307.4862249
-191.9767662,-478.9625511
65.61852137,-464.4969736
-464.5475502,-494.2695278
72.18946821,737.7780078
-840.4249974,-114.7718103
-534.3264328,1104.336656
-761.4950587,690.9318905
-185.9315519,322.6453945
101.0882669,-61.86125685
586.907893,1167.313618
-963.7610418,-522.3138745
-546.3075348,1103.661415
66.14404853,-63.82987226
740.6087233,374.6919567
250.3253103,-454.1093065
746.5432853,-426.2344588
177.4402189,-458.2034912
148.5972669,1142.696998
-374.9238355,-288.9259983
-893.7581757,1084.134321
1010.891543,-211.0754785
-451.0413208,-92.8795596
-411.626811,-491.3203071
-813.4115598,688.007154
-824.4519677,-113.8595166
1071.087596,393.2583586
68.66759009,336.9428745
918.7985176,-15.92069729
552.1426671,163.7831251
-828.9159365,286.5137853
-107.1120312,-474.1854007
-136.9526015,1126.658224
-715.1529253,-508.3484641
-838.3740672,686.616646
790.4741307,-423.7668498
-126.552332,-74.65479836
79.70769132,1138.812772
1081.777428,-207.0803326
429.3343432,156.8969226
917.2744968,-416.64587
-697.1242782,293.9224166
-622.0066292,97.82266179
452.5340771,-42.11692613
-372.4570723,-689.4110494
-1023.901036,-325.3866151
439.1368242,1159.035971
733.7987589,-627.2592355
304.2402697,-451.0798264
-1008.16133,-124.1881275
1038.847363,-209.5035524
422.1651107,1158.070522
-363.6503503,312.6561193
892.8419337,-17.39434058
-341.6290037,1115.155359
-406.4027237,-691.3213552
116.8267605,139.3391615
247.6221662,146.682962
707.8949819,172.5445626
-684.6727578,-106.0064295
-214.413989,-79.58824958
-148.9893646,324.7162546
928.2559291,-416.0223564
-73.40052007,-271.9825539
-544.4204984,-498.7670127
981.1734381,-413.0574348
-372.9267728,-288.8128156
406.8419964,-244.9990858
40.89203223,-666.193177
-295.5207694,116.1646428
-786.037995,-512.3492313
406.607331,-44.70794708
-642.2674269,-504.2545873
835.9299014,-20.58129046
1000.199876,389.273436
419.0595714,-444.6324372
881.857185,-17.99821903
351.6944052,-47.78928552
429.9523603,56.76676741
146.0202178,-59.35549418
579.5702515,-235.3014853
494.1779028,-640.7318669
292.2588237,-451.752864
386.1116414,-446.4834221
604.2960166,-33.59868219
106.5524874,-462.1910884
411.3075814,-645.3812854
-524.2172032,-697.9393475
981.1741425,-413.0625389
224.8903403,-54.88787137
-893.8700855,-518.3916818
1031.856915,-209.8873313
-27.47285583,-269.4008065
-184.7509944,-678.8769665
-522.4555824,-497.5273579
-975.7414186,-522.9903748
-926.5829995,-720.5416277
577.8654596,365.5474216
-467.4315409,1108.090903
222.6609891,145.2814305
329.9629829,-249.3146484
-599.3343306,-501.8469505
-842.3686304,686.3973991
723.5796854,-427.5260354
378.6511209,-46.2710866
-957.4776124,78.97151949
-600.8045787,-101.2939957
690.6884295,371.8821556
75.36694562,-263.6380806
-914.0734483,-319.2257753
-54.90139725,129.6895834
-1011.101205,676.9101588
605.3485575,767.7306197
508.446728,-38.98195801
-216.7021539,-680.6624298
-393.6589483,-490.294035
-2.163961286,1134.21505
1098.988943,-406.4443063
-344.1542791,714.3879355
-426.495981,1110.393748
509.4468392,-38.93844086
591.3149792,-34.31942708
879.8600735,-18.11204244
294.2559573,-451.6423401
-737.589052,-108.9828262
1000.906133,-211.6305292
377.4177979,153.9660439
-591.3441589,-501.4116185
-918.7180084,1082.727685
-361.6013967,1114.058207
188.4226254,-457.5854903
413.6529805,756.9477494
1110.968606,-405.7623186
919.270301,-416.5300887
592.021787,-635.2260022
607.9966585,-634.328575
782.4864673,-424.21193
683.9311601,171.2101625
-263.1007427,-282.6402609
-127.7867022,125.5912245
570.348797,-35.50338223
437.088991,357.6282366
534.1144694,-638.4854619
355.9224953,-247.8624279
761.048024,-24.78914493
514.4928283,762.6186392
509.9152825,-439.5237658
640.7648863,369.0916049
470.2713142,159.1854525
-712.863192,92.71887668
-1024.665184,-525.7374262
321.2149124,-450.1372589
100.1465685,739.3387748
-893.8702824,-518.3903714
-666.6456414,696.2710938
-917.3056289,-119.0807355
866.4653088,1183.028784
510.4429115,-38.8667823
-573.3741264,-500.3958393
-31.99395055,-670.2826332
-531.8569187,703.8342461
-778.8153831,-712.2445847
-745.5764754,-109.4274034
319.9805667,-249.8859855
-320.7170625,315.0593874
-450.27747,107.4713223
-175.4184928,723.8539449
66.90641082,136.5310125
720.1674175,774.1819285
677.651019,-430.1006607
121.0568372,-60.73985235
-488.2178001,105.3413002
912.2829641,-416.9287381
479.4913341,-40.60357685
741.55211,-426.524091
-394.1300451,-89.68720542
-413.3913082,-691.7252725
-78.86253842,128.3341379
-652.9562234,96.07245769
-54.19428813,-471.21758
-591.053554,99.55044482
214.3822406,-456.1294415
-904.8577689,-518.9788192
362.7318363,754.0938379
134.6194243,1141.912514
493.4670587,-39.80286301
-524.9235057,-97.03451309
-794.7354334,88.12898603
-1075.292838,72.36531546
796.7009078,-623.7366998
1149.435581,-2.96941582
201.9309626,-56.20998609
997.4399835,188.8019527
841.9208024,-20.24655516
-149.0462118,-476.5413802
919.7987902,-15.87388251
1010.890989,-211.0693425
157.9987087,-58.66843801
-65.59241168,730.0350418
-916.5427258,81.27970602
423.8160051,-244.0461077
755.0579488,-25.1246179
36.77310967,1136.419798
-902.7450998,1083.632471
13.22759942,-66.80314485
-128.4943546,726.5020548
198.4088628,-457.0366602
-99.1227821,-473.7441793
576.3391955,-35.16323904
943.2898995,386.0712934
-477.2330658,105.9446682
-281.3074029,-83.3529016
-11.73357671,-68.2016161
531.4096296,-37.68647547
-696.6542082,-106.6800018
-21.24670541,-469.3654574
-99.59408153,-73.14265882
-656.0084948,-705.3524471
66.37996993,-264.1405848
1021.220986,1191.723943
-913.3114599,-118.8551174
-146.7568292,124.5286854
756.8200768,175.2824309
900.3561241,383.670284
-570.2687898,1102.310826
200.405714,-456.9244765
704.6104627,-428.5963628
942.7606466,-14.57363654
1197.362285,-0.290756663
-944.2621062,-120.595939
-172.4228097,724.0185237
-932.6975292,1081.95041
-133.3065134,-275.34403
479.200522,-641.5670397
-802.2516402,-312.9240004
1023.63234,-10.0275459
595.8377031,366.5534971
-712.044972,1094.344087
-527.212214,-698.1101098
-1023.138069,-125.0258613
-215.9390852,-480.3075602
-1051.037313,674.6598222
42.76530493,1136.745326
-821.8729421,1088.177651
512.6744728,-239.0452396
880.8588768,-18.05600211
344.7040001,-48.17529584
-49.61820027,730.9323433
-333.6425208,1115.607128
281.2760897,-452.3695624
-465.3063773,-694.6498485
-951.7260305,279.6365398
883.3282874,-418.5524582
353.1628486,-448.3289629
124.2874225,-260.8722218
733.6157558,374.3251206
-1034.884053,-325.9965278
608.5258597,-233.6813515
1147.674468,-203.3824209
-139.0601431,-475.9880056
233.6428752,145.9008097
-123.5048383,726.8018125
-712.0995292,293.0690482
468.0396755,359.3686361
-687.0843287,1095.745511
-150.7524727,124.3155362
447.5417653,-42.39682661
782.2506418,-223.9136291
-541.1340533,102.3676925
820.5385706,1180.443384
306.2929565,350.2963501
-81.91484451,-673.0888148
-623.7683273,-102.5852838
91.57788662,-463.0409007
73.71554529,1138.490061
551.0872202,-637.5274798
-882.3023881,684.1339979
668.6681001,-430.6234078
-999.9418832,-324.0173082
-471.537095,-494.6622019
1012.123779,-411.3128359
690.1601929,-28.7717385
14.22616436,-66.7495548
739.6092649,374.6403194
128.0459969,-60.34883974
-248.3596319,-81.50030651
84.58700965,-463.4239963
107.5511544,-462.1368424
-376.1595692,-88.67316022
464.5162141,-41.45000194
986.1671013,-412.7862242
-308.5566607,-685.8279175
750.5360494,-426.00492
1001.725105,789.9903655
-945.0259365,-320.9515948
-818.7542459,-714.4768715
561.8898093,364.6569679
-344.1536556,714.385339
-430.5444084,308.8954478
-754.5612285,-109.9407979
-666.2337993,-505.5755329
-166.7810969,-677.8576235
-603.2178563,1100.462705
576.9225148,1166.757262
-731.8895091,-709.6088244
131.0408527,-60.18040868
-319.2487402,-85.47774115
-980.6215512,1079.252464
-447.5182916,307.9469239
-339.4536796,113.7067784
893.0756254,-217.6841027
-23.1870308,331.7835154
347.1734893,-448.6820833
667.9585028,170.2977211
868.6430817,181.5642554
-472.5339516,-494.7265733
-1052.091113,-126.6627906
586.5602722,-234.9122274
1037.612581,-9.254403291
898.5945875,183.2590651
-473.7692341,-294.4738569
-608.2653777,298.9199607
-103.8804373,-674.3210873
565.0661301,-636.7492632
-169.4286526,724.1957013
-633.9870107,97.14270269
-794.734091,88.11934509
-267.3303706,-82.56338588
381.6451839,-46.09725953
985.4038809,-613.1382587
-45.62423037,731.1559508
-932.7534098,280.6849008
-202.3776134,722.3507879
112.6542402,1140.676973
325.2090568,-449.9122601
-680.1526054,294.88212
-480.7565411,-294.8716451
659.266093,770.7454843
-526.1546204,103.1935809
1147.910442,-403.6856951
976.4200579,-613.6522622
-749.0429173,291.0074144
300.2465076,-451.305595
596.7798569,-434.6562039
198.1730452,-256.7367016
-934.8056139,-520.6901013
-581.1266013,-701.1441924
-105.1143686,-474.0768792
349.7532583,753.3615735
-86.37876401,-272.7193168
-1077.523499,272.5414742
-753.7989981,90.41345212
977.1789449,-413.2759059
166.9842957,-58.1578259
895.0719245,-217.5668971
-222.4049821,-80.0116066
432.0392567,-443.9028225
993.7362249,789.5493268
-180.9945867,-478.3396682
-861.863724,284.6602884
282.331072,348.9484783
725.3410496,-227.1135649
-19.24879841,-469.2600593
239.9246488,747.2050885
507.6837709,-239.3370292
-249.1235803,-281.8504489
-930.8114781,-520.4706437
-679.9763491,-706.6607312
-727.1322141,-509.0385749
-931.0483124,-320.1646311
-465.0171967,-93.67588461
-198.3823946,722.5671486
-234.7972496,1121.154213
-199.7291936,-679.7061474
390.688278,755.6640046
845.4977057,1181.854204
-402.6447195,-490.7966215
296.490362,-651.840899
-917.830187,-519.7526723
114.9213041,-361.5638403
-626.2351654,297.8944246
220.8998091,-55.1330777
411.0732928,-445.0850637
-464.4902286,306.9812216
1011.653349,-10.71523965
-945.0258336,-320.9508692
471.7396403,-241.3532806
1115.197657,-605.8356297
700.1434115,-28.20386613
-870.9061021,-517.1070648
425.1058485,356.9680833
-972.9819732,-322.521227
-887.1166617,-317.7001325
-942.2655058,-120.4832884
-154.452089,725.0393513
-111.5765261,-73.80869755
160.0518728,742.7074478
-999.176719,-123.677202
-108.3439335,-273.9520716
-875.3165419,684.5441685
605.2943984,-33.54342632
-436.5901159,-492.710972
-0.750260171,-67.59018361
-937.217321,681.0521805
34.77872308,1136.292865
1054.293837,-609.2571455
-668.4604792,-305.4228259
178.4384156,-458.149447
720.8754019,173.2715928
202.4008314,-456.8011291
80.70418303,1138.884399
339.4221406,-649.4261691
-566.8588063,-99.38682811
-608.2086823,1100.176376
-512.1804109,104.0007037
471.9758578,-441.6563939
-1049.041123,674.7778332
-805.0089117,-513.4075201
-29.46631509,-269.5289929
-709.3980019,-307.7105245
17.74741168,334.0883253
-942.7920253,-521.1496622
738.6137146,374.5676171
-862.9199192,-516.6501242
657.2121482,-30.62276951
-989.9560231,-323.4715092
1148.436895,-3.02195609
527.1262756,-638.8846687
-687.665937,-106.1861794
134.5641053,340.6468327
1073.027541,-407.8865237
149.4867864,-459.7904036
-422.3765514,-692.226512
82.17386466,738.3342522
78.59730065,-463.7648712
-452.7994931,-293.3125786
-68.17110203,-472.0143073
84.11266475,-62.80120204
-63.94404595,-672.0777117
-727.6046037,-108.4212903
-830.8580821,1087.668658
53.16497258,-64.56215545
180.67117,-658.3393452
690.8664811,-629.6748079
-960.0018126,-321.7940947
130.5135368,-460.8373999
-971.2182336,-122.1193533
-136.8277332,-676.1790222
489.4759946,-40.04248194
285.2710268,-452.1530327
-115.5690256,-74.0402812
-201.669246,121.4301923
663.6749858,-430.8960627
418.1138887,356.5988736
256.427621,1148.749956
-747.1014434,-510.1486462
519.9009821,-438.9702538
1197.359948,-0.276206163
27.44127663,-266.319139
-197.9660205,-479.3092224
731.0945963,-26.46672837
378.6517479,-46.27636597
-695.1848416,-507.2246172
427.046974,-444.1804219
-774.0580551,-511.6683181
192.4180148,-457.3737697
53.16388327,-64.55691383
-549.1787648,-699.3398383
-657.7155585,-104.4906661
373.6584956,-46.55019669
918.5075372,-616.8857016
562.8907864,364.6960523
111.5441235,-461.9072697
1081.543398,-6.787696972
-504.8975223,705.3366343
-366.9388172,-288.4633855
-329.9950894,-286.401866
232.3529665,-455.1172997
-856.872927,284.9486305
-570.3806535,-500.2151813
60.15400848,-64.16561552
-103.0608338,327.2922906
382.6467784,-46.06218809
-803.0127542,-513.2940873
-453.9787862,708.2029125
538.1084209,-638.2620227
-656.7175539,-104.4344187
-790.4499931,689.311433
-874.3175986,684.5969771
910.5214159,-617.3423115
-797.786475,-713.3076715
-550.4097375,-499.1111147
-211.888929,321.1756481
336.1890481,-449.2856963
-999.6465794,276.912946
-752.7997734,90.47510193
541.3948292,-37.13239226
-531.9127414,-97.43034941
-595.8129168,-101.0119698
-117.5663886,-74.15328796
-263.6280905,-683.2994513
-980.4415082,77.68893714
708.1317839,-27.76105354
-512.1804888,103.9977619
984.1693676,-412.8900175
-415.3319416,109.4317064
470.5074763,-41.11907243
-1061.549628,273.4434929
-651.0164922,-705.07299
379.124641,-446.8888407
-929.8127424,-520.4179425
-162.0233813,-477.2878409
-961.0015632,-321.8405872
649.931774,-631.9770278
-863.3901177,-116.0514326
408.6604335,756.6726737
-572.3217385,300.9331201
-435.0667042,-91.98119031
534.4039727,-37.50850191
-87.08707318,328.1978639
-83.62050585,-72.23953102
-326.5290395,-686.8332318
695.9154741,171.8589067
-322.7134559,314.94729
630.4890282,-232.4361576
-390.5532619,1112.413442
412.362029,155.9371551
-349.9632469,-287.5292187
-231.3873327,-80.54317464
-934.5121382,80.25557866
-241.6628982,-682.0659934
25.44314657,-266.4255085
646.9927109,169.1162525
-152.9278377,1125.760817
900.0638355,-217.2863445
327.4953916,151.1720895
32.7803781,1136.188711
611.7550421,-433.8022727
-380.6801052,-489.5628436
-700.9388245,-707.8649524
270.2932437,-452.986898
-31.46962006,-269.602625
948.4616533,-615.2107638
1003.665226,-11.15353782
-592.7592273,700.4005064
-880.8899032,-517.6669837
981.2836608,1189.48176
-629.2326995,297.7400787
790.057581,778.1065899
331.7761479,752.3870989
968.4307345,-614.095836
-897.2821589,683.313619
-465.0216502,-93.64775813
647.9336798,-632.0856527
-834.8524224,1087.449849
-92.36970004,-273.0591887
134.5076749,-460.6145264
-890.5835153,82.7417415
396.0960645,-445.93225
658.9172863,-631.4794704
986.2756788,1189.763242
-591.2370803,1101.137917
1078.02073,-407.6156041
-732.5959199,-108.7055988
-228.6257011,119.9141952
-812.4143754,688.0730826
-606.0875435,-702.5437336
763.04562,-24.680394
-139.0601431,-475.9880056
1029.334247,-610.669129
-418.0929831,-91.0271936
253.3214439,-453.9492555
219.9564465,746.0766983
715.1205634,-27.37432876
-1006.581559,1077.803183
-592.8170572,-100.8514228
528.1772012,162.4564748
-485.5129708,-495.4591788
-292.8171415,-484.6300993
966.1972057,-413.8944121
583.7997159,-435.3766267
-399.8864096,-290.3198076
977.7623153,788.6453394
427.6289106,757.7472706
105.5528156,-462.23986
-847.416959,-115.1444633
-758.0297439,290.5078957
323.7379925,-49.35895
-593.5790035,-301.2133441
-664.4675522,-305.1918122
-447.0472166,-92.65749777
529.4692669,763.4642112
-480.9975379,-94.53928159
1075.135745,1194.753555
1005.135291,-411.7106033
-322.7712434,-486.3066953
-375.5761717,1113.248778
-382.1480365,-89.02123828
-851.4088918,-115.3799184
-202.4329582,-78.91439218
539.3993361,-37.25231123
-353.1939605,-87.38822671
13.28269267,734.4673057
536.8740444,-438.0129909
77.59693637,-463.8116808
642.763492,369.1923893
74.60304488,-463.9830279
-956.0070746,-321.5764643
691.1593648,-28.72091996
-555.2925082,1103.144738
-474.419808,1107.69166
487.9511665,-440.7688162
-289.823311,-484.4532251
-634.0442302,-704.1111018
1170.112208,-602.7633197
-241.3721582,-81.09953657
-103.1177228,-473.9653185
-714.569872,693.5739791
229.3559699,-455.2719088
410.1818287,1157.412305
-344.1533387,714.3837028
-598.8067656,-101.1925915
263.5406262,-653.6853409
788.2403765,-223.5696759
207.9196772,-55.86268794
-150.9296455,1125.8652
209.6819472,144.545633
-100.0649282,327.457561
382.4114467,154.2403316
907.5823444,183.7526133
493.0537983,1162.052118
-353.430858,112.9171112
960.3189757,1188.289592
-493.210083,105.0626223
315.7525258,-49.82021433
-1006.108437,677.1852693
1092.233894,-607.1256979
1113.963915,-405.5944131
604.0056261,-634.5653746
-739.349472,-309.3987008
398.2011519,1156.738695
739.7904204,-626.9339208
37.18945559,-65.45379347
189.4234708,-457.5429495
1111.9662,-405.7019341
-980.7357205,-523.2539364
597.0144806,-634.9497311
-200.6714533,121.4939112
460.7575373,-241.9744035
493.9411618,-440.4252915
-223.1643425,-280.3933387
-14.25502125,-468.9896296
-623.2389376,298.0606205
-606.7953223,-101.630946
-776.5280463,-111.1627385
-852.8226869,1086.430308
552.8475644,-437.1105479
939.0040408,-215.1091562
848.7637971,-320.3347653
836.9280003,-20.52191444
-811.9432829,287.4686456
586.9074059,1167.316102
518.4857679,762.8479981
-380.1531844,-88.89619235
-274.8462929,-483.6129248
-884.1266984,-317.4965774
-522.9274597,-96.92116283
431.2761232,-644.2592011
-700.6462889,-106.9155648
-351.4897599,-688.2355474
252.4351939,1148.521203
960.2055471,-414.2281724
498.9298655,-440.1208215
320.2151946,-450.1837508
124.8158101,139.7808731
447.5430861,-42.40512361
-1077.99562,673.1527375
-643.7355182,-103.7197819
-891.8136877,282.9635066
-476.001899,-94.28246965
541.8667378,-437.7401437
535.4052189,-37.47141451
-298.6971925,1117.567884
-864.3888906,-116.1057087
282.274501,-452.3117056
-756.850486,-711.0071603
-773.2966932,-311.3045458
558.0759591,-637.1358733
-857.8694022,284.8795808
-977.5026457,-723.4073253
85.82214174,-663.6774307
-368.6420127,312.3749587
111.6562301,1140.617598
771.0308848,-24.21751505
453.0057801,-442.7233832
-709.5770973,693.8541686
-137.5357216,-75.26806554
419.5875336,-43.97668747
-209.8356336,1122.551218
-500.7258369,-295.994175
-136.0644788,-475.8238117
-126.7866964,125.6378534
593.3130242,-34.21772422
257.3706823,347.5412445
32.72563784,334.9147179
91.10332383,-62.42004012
-922.2980754,-119.3594483
267.4092546,1149.374715
496.2260522,160.6757398
1086.53466,-6.502103335
950.4597027,-615.1079811
-204.4299023,-79.02789727
405.1370906,355.8494431
-343.9722993,-287.19058
-430.5440251,308.893652
-617.3058511,-502.858137
-147.9911044,324.7754557
570.4042683,765.7639849
-999.7041961,-524.3327561
954.4515562,-614.8699268
-477.5263569,-495.0086424
-365.7033932,-488.716955
277.3959695,1149.919041
217.6124799,-656.2635397
710.6544984,373.016959
91.57585599,-463.029811
-315.2530223,-85.26700634
584.0351998,-635.677478
-387.1419553,-89.29421741
326.4418555,-650.1516996
-798.7833278,-713.3670459
968.7214087,-13.12762571
-68.40767195,-271.7048166
-929.2869867,-119.7493268
-770.5402807,-110.8094197
1057.053292,-408.7863304
977.9418043,-212.9188982
-798.4930298,-112.4011434
-649.0189997,-704.9588848
60.86148029,-665.0808719
869.8765996,-18.67107607
272.5265479,-653.1820364
218.1398688,-255.599362
-842.7114903,-715.8505883
-491.97613,-95.18405182
327.2077821,-449.8099061
-921.7134175,1082.554739
-1030.542772,1076.449748
122.0563186,-60.69054603
937.2977298,385.74364
-748.3359361,-309.9009068
453.0065443,-442.7289919
577.8660109,365.5426164
-44.09925573,1131.873929
-5.214664653,332.7805921
1032.674148,791.7364894
728.5707672,-427.2403318
-470.4259984,1107.919441
-929.5198111,80.53624315
407.1342835,355.9594899
101.5568787,-462.4503554
-70.16839935,-472.1218321
-718.1474714,-508.5172221
-784.750185,88.68132773
-424.375076,-692.3299794
258.841197,-53.01027146
224.6029017,-655.8786199
335.2471294,351.9206105
-1047.101123,-126.3642652
-930.0493991,-320.1096128
632.2509647,-32.02562868
-1036.881213,-326.1105567
696.6780809,372.2230624
351.1657995,-448.4406654
-775.0018321,289.5436762
-401.6460652,-490.7431397
-76.15924297,-472.4636944
-388.4301362,-690.3184988
58.21348749,736.9792598
637.715828,-432.3578081
-690.6638508,-106.3407724
135.6190359,1141.962586
694.6263945,-429.158929
710.5991618,-428.2509821
-195.445057,-78.51703193
223.3675213,-455.6222756
-797.4919748,-112.3615256
-794.7894751,-713.1455279
1062.280725,-608.8076945
476.080475,1161.09942
980.4654809,187.8566668
-1048.860731,-326.7910953
303.0068365,-250.8468167
-760.5535785,-110.2646522
994.9156619,-211.964469
-438.0622183,-92.14751323
-783.7510845,88.73567036
-548.8846703,-98.39326343
-768.776365,89.58314787
-421.8494407,-291.5666345
-636.1652085,1098.605442
-1072.29579,72.52160498
-423.3757244,-692.2775405
-427.0772675,-91.54757477
291.8439307,750.1113147
-9.264404138,-468.7029165
1018.881348,-210.6380287
-657.2425809,-505.1053092
186.9542435,-57.04502803
-733.1244388,-509.3595612
56.86676034,-665.2963784
980.176082,-413.1164738
-497.9111544,705.7448149
338.4789867,151.7811086
-316.5453397,-686.2679328
-168.0142587,-477.6247025
-28.70644745,-69.15749968
-646.0242389,-704.7915286
-92.60612399,-72.74718087
-24.94785419,131.3669962
444.1310209,1159.300293
692.625541,-429.2473271
-15.72708477,-68.42981402
402.3787473,155.367993
-896.8086298,282.6969912
-382.1482753,-89.02632454
-742.8168047,91.03816955
984.6964904,-12.22991647
1171.872559,-402.3387513
-691.6046191,694.8593505
562.8334521,-436.5601203
-2.22086566,332.9650496
503.1622331,-640.2199371
-494.2087835,105.0014445
544.9167767,363.7015107
-883.7749851,1084.700849
-44.2089658,-470.6690324
-523.2188602,-697.8822995
540.45193,764.0757436
-1016.913537,-324.9818211
-972.1636189,679.1083098
1136.458397,-3.711777664
-150.7500551,124.2982194
-974.1589647,678.9814357
576.1029823,165.138705
888.3194675,-418.2675092
145.725846,-660.3001115
-401.5350189,1111.792237
-212.4160957,-79.4837624
421.2929181,-644.8274248
-142.9426251,1126.317568
-902.856152,-518.8961829
665.9061419,-631.0803259
-846.3613201,686.1704628
551.9081379,364.0785238
-1025.606359,275.4656384
-384.6726337,-489.7887578
765.6239517,1177.365276
522.4810792,763.0653222
-332.9900904,-286.5692835
235.875419,-54.2874393
815.4904419,378.8990073
-749.9843515,1092.207425
349.1697134,-448.5588139
-758.556742,-110.1558945
1063.043804,-408.4537144
-2.747252858,-67.7002591
912.2819543,-416.9248841
560.3640143,-36.06020621
527.8890383,-438.5274288
-97.12673404,-473.6318046
-1022.90235,-325.3322375
1006.370135,-611.9594367
395.3905585,154.9744456
-473.6246123,6.011281137
-288.8255749,-484.3922141
514.6745948,-238.9601218
-324.767884,-486.4176252
634.9558135,-632.8200849
-410.632231,-491.2463654
250.8524915,-53.45119621
478.495804,-40.67462369
-148.045492,-476.496087
1105.506148,-5.442467133
-230.3884134,-80.48701681
732.8555575,173.946253
-529.2095986,-698.2160247
480.2001686,-641.5196457
-973.5078349,-723.1890031
464.9879229,-442.0564728
1222.029458,-599.8346545
702.7259089,1173.816329
-840.8429734,1087.114049
4.950409581,-668.2270069
87.1654567,738.6216358
170.9802564,-57.95087874
-571.3776744,-500.2794396
572.5818466,-235.6948646
-791.7390296,88.29127796
-376.921039,-289.0415554
1043.075405,-409.57352
-914.7801491,281.6823202
536.8719702,-437.9999802
180.2017343,-257.7480274
312.4626559,-650.9312614
-351.6742812,313.3646838
647.7547277,369.4749046
800.4573227,-423.2012559
-96.89092022,-673.9312629
-336.7488253,-487.0921096
-395.1271582,-89.75536609
772.739055,-625.089966
11.28319841,734.3731181
638.2412815,-31.68510517
988.3982304,-612.972317
-973.7435214,-522.885711
-552.1726323,-699.5156506
-533.4374223,-498.1510673
465.5138389,-41.38987736
-669.987537,-706.1317467
126.7570642,-661.373357
-402.6452865,-490.7918585
1054.057635,-408.956201
538.8717024,-437.9061194
600.3578186,767.4432175
914.5138106,-617.1126057
1074.789703,-207.4844756
164.2260709,-258.6396352
-31.64668548,731.9429985
868.4058946,381.8778034
401.0872183,-445.6371325
-997.7060145,-524.2300811
1035.616163,-9.368755393
-663.1780367,295.8304191
-348.494207,-688.0680524
799.4603393,-423.2665878
690.7424428,1173.152946
-950.2540867,-120.9259217
-168.8999235,1124.847646
-773.822293,-711.9731746
1098.752786,-206.1353889
1071.558637,-7.344439889
-222.8175357,1121.835999
-104.0588298,327.2342172
-386.4346615,-690.2023274
1015.702387,790.7782693
-46.20779796,-470.7664052
533.8776535,-438.1794266
-949.0193479,-321.178188
1040.137531,391.5124457
-167.0151023,-477.5699
475.5547289,760.4307144
-704.584113,694.1277874
94.68213849,1139.666765
708.3684194,-228.0721666
-1046.102016,-126.3139308
-431.5988203,-492.4234374
646.2855901,770.0209157
-811.4148784,688.1231093
1004.665042,-11.11254897
946.4650626,-615.3232516
-426.0787066,-91.49053144
-778.5244993,-111.2821984
-799.9618893,288.1413813
190.422213,-457.4901176
287.7947009,-51.3780092
695.8574265,-629.3837225
-866.9123658,-516.8820874
-72.16528707,-472.233742
-568.1483609,-700.4064505
-449.2785019,107.528046
-411.3941139,-691.6071736
-305.2696461,-84.70190581
-574.7856328,701.4047474
-741.0564953,291.4600558
-988.1365979,678.1982854
613.5171835,-233.3972106
970.7736616,788.2540735
-324.0050208,-286.0609111
549.1458836,163.6270545
511.4425114,-38.81905849
728.5709005,-427.2420612
-871.9051159,-517.1545755
-277.3128963,-83.13106739
-868.9104628,-516.9848888
213.9110134,-55.52565389
-495.4987297,-496.0129871
600.7721913,-434.421793
-846.7069935,-716.0674716
538.1078783,-638.2602722
-974.1610894,678.998787
2.952335241,-668.32723
-796.0249865,-512.894314
310.5222033,150.2174451
189.9478123,-56.86740791
479.727731,-240.908595
97.5670516,-462.6975251
647.2834019,770.0803383
-306.2692678,-84.74793675
-157.9198075,1125.48329
1081.30726,193.5103523
-837.9589479,-515.2471167
-213.9418894,-480.1966139
588.8467274,366.1720858
524.8925302,-438.685107
726.8104582,-627.6570956
113.0697025,-61.19165574
501.2208252,160.9344472
-252.5889818,118.5773013
-315.5455632,-686.221396
-740.3484463,-309.4528149
1003.721066,790.1040566
973.7697194,788.4163406
193.9423754,-56.64816105
883.3280098,-418.5503822
-394.131,-89.68293806
-172.8941006,1124.626158
-938.563865,-721.2192082
93.10255966,-62.32339491
-590.7646317,700.5247675
932.4855581,-616.10143
591.5515378,-234.6270826
531.465123,763.5811977
-1028.656859,-525.969015
1032.093551,-410.1949193
-963.5245747,-722.6180905
46.93885117,135.4012292
-131.0722911,-475.5455568
263.3569402,347.9059531
277.8090426,-51.93552943
488.0619426,1161.77186
666.1986596,-30.1223016
913.8064095,-16.20282871
-229.9165287,-481.1026516
-1059.496842,1074.818233
467.5131838,-41.29381556
263.4169222,1149.144208
-188.2174142,-278.4430659
155.0024002,-58.82857654
-704.0544758,1094.777552
-40.68769871,-69.82740822
1022.635806,-10.09105215
-173.8915932,1124.565863
375.8931757,-246.7534321
266.2994339,-453.2094917
-154.4532819,725.0430022
150.5384807,341.5451408
77.88934289,137.144709
567.8261372,-436.2862995
-334.225487,-86.31690691
371.8980065,-246.9683938
-143.0536995,-476.2122161
553.9573778,1165.477425
-842.1865972,-315.1811379
-903.618023,-719.2630607
1002.723268,790.0465549
855.3709285,-420.1178762
467.1305517,-141.4716327
882.0926517,-218.2997492
-728.1319473,-509.0810363
-330.6471531,1115.77464
-64.94208665,-672.1362546
125.6341997,1141.403615
-89.13920655,-473.1839096
-958.1850521,679.8871465
-747.9875928,1092.322288
106.5532813,-462.1916431
947.225558,-414.956182
-388.0814453,711.9044493
-599.8060203,-101.2394461
494.0548626,1162.093226
-564.2784575,1102.645099
982.1713348,-412.9957542
194.649036,-657.5514552
-408.5220479,1111.384906
111.5447241,-461.9080803
-961.7638912,-522.2050159
-953.2474221,-121.1039934
653.2178773,-30.84532407
135.5622719,340.7037703
665.2027617,-30.19013379
-593.0522193,99.44274562
-285.0655274,-283.8801245
-628.2339085,297.7948433
-756.5591729,-110.0425385
-667.172536,295.6102612
758.8167198,175.3934902
570.9322173,1166.420418
330.7819725,752.3027439
-17.96069096,131.7674034
-650.6686494,697.1560826
-1004.93083,-324.3211577
-730.0166841,1093.33726
211.6762853,144.6814101
-145.4672642,725.5468363
943.4679735,-615.4835566
435.034873,-443.7365967
193.6475617,-657.5856813
12.46614079,-267.1685219
-467.4860888,306.8191313
-486.9848397,-94.89798238
294.3117667,349.622367
-18.72300619,-68.5938471
-572.1415565,-700.6350773
517.9034438,-439.0791434
-752.0953678,-510.4230101
638.2407885,-31.67950486
-798.4937589,-112.3970969
-539.1401523,102.5007477
58.39164995,-264.574083
1186.086246,-601.8548764
-857.3435792,685.546692
-377.6842646,-489.3944149
-488.9243596,706.2414422
-1034.119036,-125.6530573
-59.65733922,-70.90127299
496.9931711,361.0047234
-87.90483995,-673.4287781
219.9011262,-55.18670363
-509.1853471,104.1661466
-1004.696314,-524.6131328
-176.2368642,-277.7662349
628.2587573,-32.25401348
-455.3245653,-694.0784811
-945.7327367,279.9547759
-885.7721253,1084.589916
401.0870996,-445.640309
-318.7778066,-486.0818654
-256.1151051,-282.2250399
-977.4461878,77.85287763
-38.68994502,-69.72814586
200.4033345,-456.9116362
-232.3301204,720.6705372
-102.5904634,-73.30688839
1029.098577,-410.3666335
-981.6201214,1079.198022
-630.5220773,-303.2784878
-18.1960133,332.0720454
122.2911804,-260.9888044
-955.013933,-321.4835504
-770.9558808,1091.060308
-533.3832942,303.1258343
450.5366168,-42.22770695
25.91560813,-667.0315421
20.79968451,1135.510844
789.0598216,778.0498514
1102.038506,394.9981106
777.0227505,-23.88869502
-893.5780977,82.56399145
168.454168,-458.7079237
-47.14948796,330.4349779
1188.373352,-0.777150977
975.2385926,387.8728127
-137.5338482,-75.2775921
-187.456878,-78.07206123
-548.8302428,702.885984
538.1647729,162.9961696
552.8503198,-437.1250599
-104.5875361,-73.41532052
-753.8512378,-710.8612673
510.1535117,-639.8401306
-938.2731414,-120.2523931
-517.173039,103.7156128
1057.109678,392.4723238
408.0768978,-445.2504105
928.020769,-215.7243017
252.9064808,747.9152113
672.4245666,-230.0943303
-825.9777066,-514.5772906
540.1591417,163.1245542
-708.1626339,-507.9611436
-510.2386762,-697.1588337
-280.8364143,-483.9548502
-652.2503405,-504.8214726
63.1487075,-63.99704961
-609.7896542,-101.8059535
324.3206809,1152.562902
80.6501556,337.6094124
-211.4186554,-79.42029633
-895.6324164,-718.8003219
693.390223,-228.9007027
-196.8567093,1123.280367
-1079.466281,1073.706559
-513.4707895,-497.0173077
-578.3128838,300.6033084
26.2077188,-66.0821757
655.2160433,-30.74022651
658.2114377,-30.57549104
1052.11742,392.1934802
405.610873,-44.77161354
-832.9655922,-514.9757307
522.1850481,162.1337609
372.4252198,153.6942598
27.26056076,735.2513331
-738.005374,1092.891
463.5736516,759.7578595
30.43510073,-266.1449532
426.6310761,757.6865334
-355.4276457,112.804775
569.4064989,765.7061889
1056.055744,-408.8523488
-885.8820788,-517.9497107
416.8261011,-244.4356345
-328.1790459,715.2805849
968.7232458,-13.1322809
-987.1384973,678.2515898
-698.1774073,-507.404557
20.45176836,-266.7072857
782.4855157,-424.2091486
-802.0153647,-513.2303932
-432.3068492,108.487723
1047.650778,792.5825437
-891.8747334,-518.2733965
1067.564397,-7.565908374
425.0521344,-444.3088793
1030.151813,390.9605873
-229.9160179,-481.0996656
-597.3387929,-501.7270322
-143.759814,124.6837542
-860.6843208,-716.8585121
-1012.684741,-525.0525719
-360.9497859,-288.1157798
-362.1807397,-87.8907173
974.7124062,-12.79063375
-12.02422207,-669.1675717
734.7987799,-627.2177291
605.5287845,-233.8347695
-698.1783326,-507.3994675
-177.9983536,-478.1840156
565.5918607,-236.079548
-942.7380225,280.1241985
-860.9228386,-516.5377712
-165.2551921,-277.1432018
-569.1459762,-700.4669964
718.3520951,-227.5045365
-538.3180072,1104.095357
-534.1469935,102.7680291
202.9838489,745.1213711
-31.64644365,731.9420877
482.0157889,360.167717
-164.4371337,724.4811045
902.8242507,-16.81873208
-307.5585187,-685.7690839
266.4116031,1149.316638
-302.8025208,-485.1836045
123.0530303,-60.62145341
-207.4244903,-79.19900562
-408.1080035,-90.4724913
-445.2857844,107.7541579
-1012.682377,-525.0701753
601.3564308,767.4974517
-883.5954463,83.13670726
681.4091067,-229.5747559
-482.4089306,1107.254673
251.087929,-253.7535602
61.73459419,1137.815388
1040.371358,191.2204825
-551.8799791,-98.5585236
159.2329214,-258.9126335
-848.4137209,-115.2106576
1037.321264,-610.2159924
-355.1364283,713.769199
573.9267842,1166.594958
-937.8009963,-520.859309
-515.2303399,-697.4490782
430.3328551,156.9493776
-203.9572801,-479.6357947
-1003.46131,-724.8652752
-445.5748696,-493.2211454
-220.3495051,721.3433247
373.242182,1155.328546
768.0374903,-24.40020909
-106.8740826,-674.5016527
-112.8097032,126.4310101
-698.4143856,-307.0971878
-210.6558401,120.9385078
724.1065919,-26.86531085
-77.57354094,729.3562554
205.3963363,-456.637552
663.2582942,770.978582
89.87001896,137.8227554
-462.259456,106.8011849
485.2465006,160.0370962
212.4415304,345.0171114
464.2808922,158.8503162
-70.16811334,-472.1225566
-159.973117,324.1057445
-539.1918558,-698.7920691
-700.646336,-106.9091606
-935.6919151,1081.777048
-478.9974788,-94.44468127
-475.2939555,-695.1950492
907.3449327,384.0646398
-605.2683287,299.0719442
528.470487,763.407902
-616.0166181,98.16572774
387.8721304,-246.0663735
-473.2404963,106.177522
-18.7228091,-68.59172315
-108.5800044,-73.64784551
222.4214838,345.608575
-512.8875483,704.9033547
-720.9054449,-708.9990631
175.4433876,-458.3173103
-727.1331081,-509.0244307
-820.9858615,-514.2902022
1071.268436,-608.313597
-150.4588225,725.2647742
-857.8148743,1086.150642
-38.45628973,-270.0136081
-544.8909978,-98.16914339
888.3187619,-418.2649549
4.713016863,-467.9084536
-4.742691069,-67.82030981
-202.960315,-479.5740266
-116.5683206,-74.09361393
-180.4649458,-77.69668073
730.8042474,-627.433588
-251.3557287,-81.66724451
352.927096,-248.025111
1032.854991,-209.8320124
256.8438104,-53.11833985
-612.2035866,1099.956774
-539.6642079,-298.1795993
-283.7765516,317.1462325
268.3531365,348.1555434
166.2240613,-258.5361769
-709.5777539,693.8543558
403.8472193,-245.1674909
-792.9750548,288.543666
-260.7577403,1119.702855
-1120.403685,1071.418971
351.166718,-448.446571
763.5165968,-425.2809744
896.4185817,1184.70988
-19.66554048,732.6176342
-146.7580137,124.5351394
-697.4161033,-307.0418313
-912.7849786,281.8073703
-635.2766788,-503.8715412
-887.3514777,-117.4059994
-921.8260877,-519.9672782
94.15625214,739.004464
849.9638909,781.4678402
-665.119751,1096.980786
-61.41851014,-271.3158697
442.0221536,-443.3378808
606.2926993,-33.48551919
-931.8088167,-520.5333035
647.8116709,1170.736858
255.0824009,-253.530409
590.3164679,-34.37560797
685.8743617,-629.9557264
370.42736,153.5853932
279.2819668,-452.4963412
1069.090107,393.148806
891.8982896,783.8202621
-929.0515855,-320.049147
441.1337245,1159.1462
-647.7300294,-103.9379302
642.9420624,-632.3671342
-542.1336866,102.3158346
1098.750684,-206.1266063
377.6525496,-46.3287721
356.9204667,-247.8037186
-584.8308155,-100.3943041
664.7817606,1171.711258
476.9688845,-441.3867064
-691.9514726,-707.3713935
-650.4900728,-304.4072156
1090.236014,-607.2362463
319.2736424,351.0158871
77.18232543,738.0519316
-782.9336329,1090.365024
580.8055721,-435.5540405
-430.5994372,-492.3786683
-897.5713752,82.33848635
421.0572466,-444.5267747
-684.6726966,-106.0074141
-142.0535482,-476.1704882
527.4159685,-37.91199231
658.2099676,-30.56705018
613.8085899,367.5668659
288.0305813,-251.6807941
-497.9662535,-95.51980744
598.3047266,-33.93341315
-837.8462286,1087.270632
443.6055031,758.6340619
595.7815565,-434.7106418
-979.4971994,-723.5333223
-729.1304206,-509.1370401
996.9122265,-211.8554862
-1010.684812,-524.9643052
-321.2451802,-85.59197355
-417.0370968,710.2795399
-454.799074,-293.4071033
-280.0747401,-283.5884042
-914.3122697,-118.9013005
-266.3316205,-82.50858959
100.1468926,739.3349407
-863.9179271,-516.7085597
-769.5388045,-110.7742253
67.3786779,-264.0753032
-891.8722712,-518.2847581
1016.408636,189.8776757
426.5760794,-43.58948996
-701.8811629,93.33855277
587.0863553,165.7524109
420.5857429,-43.92144792
1162.650054,-202.5384539
221.8990228,-55.08177776
-179.4683645,-77.63712185
-607.2144587,1100.262229
105.8448519,138.720671
458.2353797,-642.7577686
-568.3836982,-500.1057362
-72.92808234,-672.5924194
456.9998169,-442.5019592
712.1248485,-27.53300289
-77.39264806,-272.2180057
-145.0509701,-476.3236762
682.644067,-429.8260093
-407.8735408,-290.7700746
-553.1150865,101.6936549
-418.5063183,1110.823477
800.4602989,-423.2191189
-836.7227453,-715.5098983
615.0415213,167.3270811
-709.1614326,-508.0155707
394.6266677,-45.38176728
185.7195993,143.2042988
549.9086933,363.9797739
-844.1824504,-315.2988782
64.1466308,-63.9373606
387.1657287,354.8374368
55.21697225,736.8179934
1097.988797,-406.4909191
896.8917598,784.0941145
-630.7574408,-102.9794414
571.3484089,-35.45352284
-635.2768203,-503.8730386
-800.2592392,-312.7819963
167.4563837,-458.7686778
-8.210085657,332.6213673
-543.1301445,102.2480353
592.0776472,166.0396621
-911.8422528,-519.3995646
-102.825236,126.9918491
838.6905793,179.8838962
579.5712751,-235.3121224
-541.1892262,-698.8990971
-724.3733716,-308.5564184
509.4466993,-38.93766617
-891.6365135,-718.5920127
-610.2057407,1100.06502
414.3027715,-645.2145322
-787.0394005,-512.3851089
1057.053673,-408.7894525
1166.880429,-402.6212575
-258.3483657,-82.03076408
-936.5140236,80.17974399
-720.9073714,-708.9896217
725.1049281,-26.80856565
-578.3670777,-500.6717066
-188.9252792,322.4679423
764.0446849,-24.63225478
-907.612721,-719.4793777
-1023.37404,75.27700896
-271.8507812,-483.4503368
121.057883,-60.74672033
706.605635,-428.4725334
-347.4965731,-688.0086301
163.4622645,-458.9904111
-666.6999287,-105.0074199
1040.19105,1192.787903
610.3423262,768.0033825
-274.6090725,-683.9277292
-973.5083285,-723.1848816
327.2611913,351.4673411
-90.6084109,-72.63752552
-1127.389813,1071.00905
-470.3010215,-694.9202306
-827.9736341,-514.6945043
716.8255666,-628.216255
487.4813871,-40.16724868
360.6780962,-47.27598668
-1012.627682,276.1998324
-481.9343525,706.6293211
1148.437474,-3.026960317
129.8072699,140.0663117
-556.8727578,-98.83527386
-755.9767025,1091.881189
-711.5739487,693.7402546
493.7050901,-240.1181759
199.461335,344.2936414
940.8203354,786.5729998
-824.9230876,286.7444411
415.0669413,-444.8651454
224.8924854,-54.90469973
-373.4510852,-689.4902729
-855.4020216,-115.6060287
-35.6381889,731.7056104
-89.0829666,328.0760963
1000.143714,-411.9897616
-142.0558465,-476.1562184
-567.3855347,-500.0493631
827.4721015,379.5680593
935.8278125,786.2943641
597.7770465,-434.5888408
-463.0218571,-93.55656995
510.4455248,-38.88076615
-498.381266,1106.341995
984.4606466,188.0715171
-474.9468773,707.0343839
667.2535078,771.1943016
922.5013021,-616.6623485
92.10684049,-62.38980813
-476.2932084,-695.2426395
515.9619927,362.0764615
-71.40228028,-271.8759027
-410.6314684,-491.250705
-404.6410201,-490.915643
629.7245247,-432.7775907
147.017467,-59.29125034
641.2364353,-31.51645457
-85.14438569,-472.9632295
983.2248954,388.328109
925.2611488,-416.1905411
-499.9639715,-95.62848038
210.4999982,1146.172991
-469.9539276,707.3044982
-714.8595661,92.60412677
-1021.667896,-525.5752607
-736.121091,-509.5158724
-297.7536537,316.3469307
-133.5395293,-75.05761452
695.624385,-429.1010233
174.7374675,142.5802111
608.9963273,-634.2809131
507.0325759,1162.828153
1032.384846,190.7660057
-55.95482625,-671.6421657
986.6923577,-12.11505782
476.9680466,-441.3797925
-414.0988233,-90.80817931
885.3234722,-418.4326278
-11.67697389,733.0566912
240.6341776,146.2813191
-741.0544955,291.4469684
124.7601598,-661.4831369
230.1225468,-254.9412247
-576.6076594,-300.2465286
1090.999239,-406.8791556
-547.6517994,-298.6312408
-115.3346009,-274.3352051
-1072.477297,1074.097565
493.1791038,-640.7860806
432.0944876,357.3601425
-764.0737118,-511.1090984
-893.3435037,-117.7320703
218.3747871,-455.9020171
417.118523,356.5198097
680.2320571,771.931293
